covariate	coef	exp(coef)	se(coef)	coef lower 95%	coef upper 95%	exp(coef) lower 95%	exp(coef) upper 95%	cmp to	z	p	-log2(p)
EMT	0.6198876609303491	1.8587192233290317	0.2545517942115844	0.1209753120755922	1.1188000097851059	1.1285970493047648	3.0611786140156205	0.0	2.435212302668337	0.014883054590544497	6.0701855349436675
purity_scaled	-0.04766263333926377	0.9534553968876495	0.10445868834344431	-0.2523979003647086	0.15707263368618105	0.7769355336245608	1.1700805980814866	0.0	-0.4562821350250567	0.6481871088855713	0.625517766196734
