covariate	coef	exp(coef)	se(coef)	coef lower 95%	coef upper 95%	exp(coef) lower 95%	exp(coef) upper 95%	cmp to	z	p	-log2(p)
EMT	0.27941245083216487	1.3223526368540222	0.11469604134552093	0.05461234062562689	0.5042125610387028	1.056131116179903	1.6556812590842398	0.0	2.436112419873647	0.014846069745779884	6.073775138125614
