covariate	coef	exp(coef)	se(coef)	coef lower 95%	coef upper 95%	exp(coef) lower 95%	exp(coef) upper 95%	cmp to	z	p	-log2(p)
EMT	0.5567470342964986	1.7449868752798365	0.25922964286774386	0.04866627055054018	1.0648277980424572	1.0498699197583858	2.900339496915628	0.0	2.147698188129453	0.03173773940674569	4.977656817204124
FIGO_group_II	-0.24873258788228425	0.7797884703923827	0.34538516599213215	-0.9256750740212516	0.4282098982566831	0.39626382134966415	1.5345081377497984	0.0	-0.7201600195184711	0.4714264768134817	1.0848953076721526
FIGO_group_III	0.3203375212669536	1.377592652694173	0.3607102791996062	-0.3866416348176619	1.027316677351569	0.6793345011422458	2.7935597464371917	0.0	0.8880742793850033	0.374500796978669	1.416959305987181
FIGO_group_IV	1.4011330698520754	4.059797395783441	0.318589387146679	0.7767093451878966	2.0255567945162545	2.1743055912827387	7.580330456256808	0.0	4.397927634692338	1.0928940330819201e-05	16.481486950241713
