"","pathway","pval","padj","log2err","ES","NES","size"
"1","HALLMARK_EPITHELIAL_MESENCHYMAL_TRANSITION",5.88128042840083e-06,5.88128042840083e-06,0.610526878385931,-0.389764648060253,-1.66080198356322,200
